{
  "Best Parameters": {
    "svc__C": 1,
    "svc__kernel": "linear",
    "tfidf__max_features": 20000,
    "tfidf__ngram_range": [1, 3]
  },
  "Classification Report": {
    "Action": {
      "precision": 0.4040590405904059,
      "recall": 0.6656534954407295,
      "f1-score": 0.5028702640642939,
      "support": 329.0
    },
    "Adventure": {
      "precision": 0.47368421052631576,
      "recall": 0.14285714285714285,
      "f1-score": 0.21951219512195122,
      "support": 126.0
    },
    "Animation": {
      "precision": 0.4111111111111111,
      "recall": 0.39572192513368987,
      "f1-score": 0.4032697547683924,
      "support": 187.0
    },
    "Comedy": {
      "precision": 0.42168674698795183,
      "recall": 0.4861111111111111,
      "f1-score": 0.45161290322580644,
      "support": 288.0
    },
    "Crime": {
      "precision": 0.2,
      "recall": 0.0273972602739726,
      "f1-score": 0.04819277108433735,
      "support": 73.0
    },
    "Documentary": {
      "precision": 0.6666666666666666,
      "recall": 0.09523809523809523,
      "f1-score": 0.16666666666666666,
      "support": 21.0
    },
    "Drama": {
      "precision": 0.3586309523809524,
      "recall": 0.6885714285714286,
      "f1-score": 0.47162426614481406,
      "support": 350.0
    },
    "Family": {
      "precision": 0.8,
      "recall": 0.04938271604938271,
      "f1-score": 0.09302325581395349,
      "support": 81.0
    },
    "Fantasy": {
      "precision": 0.0,
      "recall": 0.0,
      "f1-score": 0.0,
      "support": 55.0
    },
    "History": {
      "precision": 0.0,
      "recall": 0.0,
      "f1-score": 0.0,
      "support": 14.0
    },
    "Horror": {
      "precision": 0.5945945945945946,
      "recall": 0.5866666666666667,
      "f1-score": 0.5906040268456376,
      "support": 150.0
    },
    "Music": {
      "precision": 0.0,
      "recall": 0.0,
      "f1-score": 0.0,
      "support": 13.0
    },
    "Mystery": {
      "precision": 0.0,
      "recall": 0.0,
      "f1-score": 0.0,
      "support": 19.0
    },
    "Romance": {
      "precision": 0.5714285714285714,
      "recall": 0.04938271604938271,
      "f1-score": 0.09090909090909091,
      "support": 81.0
    },
    "Science Fiction": {
      "precision": 0.2903225806451613,
      "recall": 0.1267605633802817,
      "f1-score": 0.17647058823529413,
      "support": 71.0
    },
    "TV Movie": {
      "precision": 0.0,
      "recall": 0.0,
      "f1-score": 0.0,
      "support": 5.0
    },
    "Thriller": {
      "precision": 0.4166666666666667,
      "recall": 0.050505050505050504,
      "f1-score": 0.09009009009009009,
      "support": 99.0
    },
    "War": {
      "precision": 1.0,
      "recall": 0.06666666666666667,
      "f1-score": 0.125,
      "support": 15.0
    },
    "Western": {
      "precision": 0.5,
      "recall": 0.18181818181818182,
      "f1-score": 0.26666666666666666,
      "support": 11.0
    },
    "accuracy": 0.40694164989939635,
    "macro avg": {
      "precision": 0.37415006008412616,
      "recall": 0.19014384314535698,
      "f1-score": 0.1945532915598418,
      "support": 1988.0
    },
    "weighted avg": {
      "precision": 0.4163490119843614,
      "recall": 0.40694164989939635,
      "f1-score": 0.352319500654654,
      "support": 1988.0
    }
  }
}
